{
  "files": [
    {
      "fileName": "./../../s/OSS_Microsoft_OpenSSH_Dev/contrib/win32/openssh/LibreSSL/_manifest/spdx_2.2/manifest.spdx.json",
      "SPDXID": "SPDXRef-File--..-..-s-OSS-Microsoft-OpenSSH-Dev-contrib-win32-openssh-LibreSSL--manifest-spdx-2.2-manifest.spdx.json-FC30D93D52889318FB210564EFD5C1E0CA814E8D",
      "checksums": [
        {
          "algorithm": "SHA256",
          "checksumValue": "42a2342ac83a8f0bbbd5db2da60e4bf7409d409b8757cf22df4dae48ce8710b5"
        },
        {
          "algorithm": "SHA1",
          "checksumValue": "fc30d93d52889318fb210564efd5c1e0ca814e8d"
        }
      ],
      "licenseConcluded": "NOASSERTION",
      "licenseInfoInFiles": [
        "NOASSERTION"
      ],
      "copyrightText": "NOASSERTION",
      "fileTypes": [
        "SPDX"
      ]
    },
    {
      "fileName": "./../../s/OSS_Microsoft_OpenSSH_Dev/contrib/win32/openssh/libfido2/_manifest/spdx_2.2/manifest.spdx.json",
      "SPDXID": "SPDXRef-File--..-..-s-OSS-Microsoft-OpenSSH-Dev-contrib-win32-openssh-libfido2--manifest-spdx-2.2-manifest.spdx.json-78BCA45F111323552F7A97354E8510EACF7D9DCF",
      "checksums": [
        {
          "algorithm": "SHA256",
          "checksumValue": "417c9087a0abec9d17a7747bde39f335910fbabff3ed5c82a67b7e1ffc28d7ee"
        },
        {
          "algorithm": "SHA1",
          "checksumValue": "78bca45f111323552f7a97354e8510eacf7d9dcf"
        }
      ],
      "licenseConcluded": "NOASSERTION",
      "licenseInfoInFiles": [
        "NOASSERTION"
      ],
      "copyrightText": "NOASSERTION",
      "fileTypes": [
        "SPDX"
      ]
    },
    {
      "fileName": "./../../s/OSS_Microsoft_OpenSSH_Dev/contrib/win32/openssh/ZLib/_manifest/spdx_2.2/manifest.spdx.json",
      "SPDXID": "SPDXRef-File--..-..-s-OSS-Microsoft-OpenSSH-Dev-contrib-win32-openssh-ZLib--manifest-spdx-2.2-manifest.spdx.json-25599F97CEDC67D207728F4A17D7964C1C334C17",
      "checksums": [
        {
          "algorithm": "SHA256",
          "checksumValue": "ac94062a00f2a41900b3b8dc8b1ffd53004a936443853e3abc2ca9bb591aadb2"
        },
        {
          "algorithm": "SHA1",
          "checksumValue": "25599f97cedc67d207728f4a17d7964c1c334c17"
        }
      ],
      "licenseConcluded": "NOASSERTION",
      "licenseInfoInFiles": [
        "NOASSERTION"
      ],
      "copyrightText": "NOASSERTION",
      "fileTypes": [
        "SPDX"
      ]
    },
    {
      "fileName": "./FixHostFilePermissions.ps1",
      "SPDXID": "SPDXRef-File--FixHostFilePermissions.ps1-DDB50E188C47FC23D3C566C6054650E145FA9FD6",
      "checksums": [
        {
          "algorithm": "SHA256",
          "checksumValue": "daf0f30ccc79335f93d9a373a71c778eeea0ba501d5f40a897f88587ca10e143"
        },
        {
          "algorithm": "SHA1",
          "checksumValue": "ddb50e188c47fc23d3c566c6054650e145fa9fd6"
        }
      ],
      "licenseConcluded": "NOASSERTION",
      "licenseInfoInFiles": [
        "NOASSERTION"
      ],
      "copyrightText": "NOASSERTION"
    },
    {
      "fileName": "./OpenSSHUtils.psd1",
      "SPDXID": "SPDXRef-File--OpenSSHUtils.psd1-8D8E29FB83D654091CC09B34AF44AA1D6025FF92",
      "checksums": [
        {
          "algorithm": "SHA256",
          "checksumValue": "6ac243bc5cfeb45cbfbc4f7a43caea304a6c2fdd3f6572e2beea17ef857ba268"
        },
        {
          "algorithm": "SHA1",
          "checksumValue": "8d8e29fb83d654091cc09b34af44aa1d6025ff92"
        }
      ],
      "licenseConcluded": "NOASSERTION",
      "licenseInfoInFiles": [
        "NOASSERTION"
      ],
      "copyrightText": "NOASSERTION"
    },
    {
      "fileName": "./ssh-keyscan.exe",
      "SPDXID": "SPDXRef-File--ssh-keyscan.exe-C4DC532FEF9BFE4180B2B5F4867FF77B89085CE4",
      "checksums": [
        {
          "algorithm": "SHA256",
          "checksumValue": "d8d8222dd540c8811b209395590c77b37ba09ffda997f2247d9daa23af0efa3d"
        },
        {
          "algorithm": "SHA1",
          "checksumValue": "c4dc532fef9bfe4180b2b5f4867ff77b89085ce4"
        }
      ],
      "licenseConcluded": "NOASSERTION",
      "licenseInfoInFiles": [
        "NOASSERTION"
      ],
      "copyrightText": "NOASSERTION"
    },
    {
      "fileName": "./FixUserFilePermissions.ps1",
      "SPDXID": "SPDXRef-File--FixUserFilePermissions.ps1-2D09E1D17DE5D7BF6F051A5B47C796C859A19452",
      "checksums": [
        {
          "algorithm": "SHA256",
          "checksumValue": "f4211d4443fdd48572be01d35039e1ecc12efcc6e96c5ff4abd8d4f7f0b83788"
        },
        {
          "algorithm": "SHA1",
          "checksumValue": "2d09e1d17de5d7bf6f051a5b47c796c859a19452"
        }
      ],
      "licenseConcluded": "NOASSERTION",
      "licenseInfoInFiles": [
        "NOASSERTION"
      ],
      "copyrightText": "NOASSERTION"
    },
    {
      "fileName": "./OpenSSHUtils.psm1",
      "SPDXID": "SPDXRef-File--OpenSSHUtils.psm1-5A469735630050A040740257C08F2DE128F6145C",
      "checksums": [
        {
          "algorithm": "SHA256",
          "checksumValue": "c6978cac37658dd330be86ec37bbb3eab5edc9dfcf7b9c2a0f46a048cf28679e"
        },
        {
          "algorithm": "SHA1",
          "checksumValue": "5a469735630050a040740257c08f2de128f6145c"
        }
      ],
      "licenseConcluded": "NOASSERTION",
      "licenseInfoInFiles": [
        "NOASSERTION"
      ],
      "copyrightText": "NOASSERTION"
    },
    {
      "fileName": "./ssh-pkcs11-helper.exe",
      "SPDXID": "SPDXRef-File--ssh-pkcs11-helper.exe-BB6E5A9E283DC29DA9AB0D0E7704F39B188C2093",
      "checksums": [
        {
          "algorithm": "SHA256",
          "checksumValue": "da1eaaaa0119e738575cefd1d7a6ca4d2417ae95a6729826b4ea3167d9574e41"
        },
        {
          "algorithm": "SHA1",
          "checksumValue": "bb6e5a9e283dc29da9ab0d0e7704f39b188c2093"
        }
      ],
      "licenseConcluded": "NOASSERTION",
      "licenseInfoInFiles": [
        "NOASSERTION"
      ],
      "copyrightText": "NOASSERTION"
    },
    {
      "fileName": "./install-sshd.ps1",
      "SPDXID": "SPDXRef-File--install-sshd.ps1-F93766A1B289218BC5BF52BED830B119470BD850",
      "checksums": [
        {
          "algorithm": "SHA256",
          "checksumValue": "d09d187d7eb9c8e6e0e926cdc4b9903fc083b79e841c3f1aaffdda5387c5e22d"
        },
        {
          "algorithm": "SHA1",
          "checksumValue": "f93766a1b289218bc5bf52bed830b119470bd850"
        }
      ],
      "licenseConcluded": "NOASSERTION",
      "licenseInfoInFiles": [
        "NOASSERTION"
      ],
      "copyrightText": "NOASSERTION"
    },
    {
      "fileName": "./scp.exe",
      "SPDXID": "SPDXRef-File--scp.exe-EAB714C5DDE30820B3A4D6CD0BCF41F6D432304A",
      "checksums": [
        {
          "algorithm": "SHA256",
          "checksumValue": "0dd8b2979ba1fdae01b08c16e45721fe3f01b0c5ef0b3ffa300aaa5ad4e75771"
        },
        {
          "algorithm": "SHA1",
          "checksumValue": "eab714c5dde30820b3a4d6cd0bcf41f6d432304a"
        }
      ],
      "licenseConcluded": "NOASSERTION",
      "licenseInfoInFiles": [
        "NOASSERTION"
      ],
      "copyrightText": "NOASSERTION"
    },
    {
      "fileName": "./ssh-shellhost.exe",
      "SPDXID": "SPDXRef-File--ssh-shellhost.exe-0F3FAB5B6677C5E57FFDC95C00D24948B32290C8",
      "checksums": [
        {
          "algorithm": "SHA256",
          "checksumValue": "2ac30d7d33f328242b3be1e087d655f8bb111c24854d187b4c933904972162bd"
        },
        {
          "algorithm": "SHA1",
          "checksumValue": "0f3fab5b6677c5e57ffdc95c00d24948b32290c8"
        }
      ],
      "licenseConcluded": "NOASSERTION",
      "licenseInfoInFiles": [
        "NOASSERTION"
      ],
      "copyrightText": "NOASSERTION"
    },
    {
      "fileName": "./libcrypto.dll",
      "SPDXID": "SPDXRef-File--libcrypto.dll-10569838E0E8287F775FA055DCD7870E5318EB0B",
      "checksums": [
        {
          "algorithm": "SHA256",
          "checksumValue": "b9e52b56306fd946209111e40e9eedcb47b207a81a3275f906c43fd620698c52"
        },
        {
          "algorithm": "SHA1",
          "checksumValue": "10569838e0e8287f775fa055dcd7870e5318eb0b"
        }
      ],
      "licenseConcluded": "NOASSERTION",
      "licenseInfoInFiles": [
        "NOASSERTION"
      ],
      "copyrightText": "NOASSERTION"
    },
    {
      "fileName": "./sftp-server.exe",
      "SPDXID": "SPDXRef-File--sftp-server.exe-5A1F763EB49ECF51E91C4AC85233EFCE5264C447",
      "checksums": [
        {
          "algorithm": "SHA256",
          "checksumValue": "24ccfa403f978ea7ad4d524dc72f3280dd981a0b227d8fc184f37e7e594114a4"
        },
        {
          "algorithm": "SHA1",
          "checksumValue": "5a1f763eb49ecf51e91c4ac85233efce5264c447"
        }
      ],
      "licenseConcluded": "NOASSERTION",
      "licenseInfoInFiles": [
        "NOASSERTION"
      ],
      "copyrightText": "NOASSERTION"
    },
    {
      "fileName": "./ssh-sk-helper.exe",
      "SPDXID": "SPDXRef-File--ssh-sk-helper.exe-98C09E3F46634249171988DC100610A8FC6B9CC9",
      "checksums": [
        {
          "algorithm": "SHA256",
          "checksumValue": "d4b10a73116d0b3075124204d157de3009ad06aef85847d7588bca35d003b4b5"
        },
        {
          "algorithm": "SHA1",
          "checksumValue": "98c09e3f46634249171988dc100610a8fc6b9cc9"
        }
      ],
      "licenseConcluded": "NOASSERTION",
      "licenseInfoInFiles": [
        "NOASSERTION"
      ],
      "copyrightText": "NOASSERTION"
    },
    {
      "fileName": "./LICENSE.txt",
      "SPDXID": "SPDXRef-File--LICENSE.txt-A7739A32F1926D71A9EB22D101287ECEA09A6AC5",
      "checksums": [
        {
          "algorithm": "SHA256",
          "checksumValue": "e6a25da96c2fccdc025caad56d99f87851ec3fe814a3cea83f2bc77ffc800681"
        },
        {
          "algorithm": "SHA1",
          "checksumValue": "a7739a32f1926d71a9eb22d101287ecea09a6ac5"
        }
      ],
      "licenseConcluded": "NOASSERTION",
      "licenseInfoInFiles": [
        "NOASSERTION"
      ],
      "copyrightText": "NOASSERTION"
    },
    {
      "fileName": "./sftp.exe",
      "SPDXID": "SPDXRef-File--sftp.exe-83450576787360F01BCC23DB0505EC3F9EBE7AE8",
      "checksums": [
        {
          "algorithm": "SHA256",
          "checksumValue": "2638348c4b7dc5c708dcda6198ff0cae2bf28abacc95db18fa1e423ba135c583"
        },
        {
          "algorithm": "SHA1",
          "checksumValue": "83450576787360f01bcc23db0505ec3f9ebe7ae8"
        }
      ],
      "licenseConcluded": "NOASSERTION",
      "licenseInfoInFiles": [
        "NOASSERTION"
      ],
      "copyrightText": "NOASSERTION"
    },
    {
      "fileName": "./moduli",
      "SPDXID": "SPDXRef-File--moduli-DCD2C6A4B31E7F21D27EE291DADADC92EB9484D5",
      "checksums": [
        {
          "algorithm": "SHA256",
          "checksumValue": "a14bf93519ce9b183a9adbda977e054d62b166c2d4d2fd5a7a4d60ee3f119e30"
        },
        {
          "algorithm": "SHA1",
          "checksumValue": "dcd2c6a4b31e7f21d27ee291dadadc92eb9484d5"
        }
      ],
      "licenseConcluded": "NOASSERTION",
      "licenseInfoInFiles": [
        "NOASSERTION"
      ],
      "copyrightText": "NOASSERTION"
    },
    {
      "fileName": "./ssh-add.exe",
      "SPDXID": "SPDXRef-File--ssh-add.exe-7A982809483A133C1112AE2FDFF038F266DB4785",
      "checksums": [
        {
          "algorithm": "SHA256",
          "checksumValue": "242373f94f48e83840e39c83536cd4e08dde0805e2a49a895b251974b0a31caa"
        },
        {
          "algorithm": "SHA1",
          "checksumValue": "7a982809483a133c1112ae2fdff038f266db4785"
        }
      ],
      "licenseConcluded": "NOASSERTION",
      "licenseInfoInFiles": [
        "NOASSERTION"
      ],
      "copyrightText": "NOASSERTION"
    },
    {
      "fileName": "./NOTICE.txt",
      "SPDXID": "SPDXRef-File--NOTICE.txt-0C6BEDA8BE1A704C0C2615D4A481BACA0E56372D",
      "checksums": [
        {
          "algorithm": "SHA256",
          "checksumValue": "2cd5f5d0064bc909dfe0f0fc8f4787882c7c379f2730d89e5faa0c2bc57c620b"
        },
        {
          "algorithm": "SHA1",
          "checksumValue": "0c6beda8be1a704c0c2615d4a481baca0e56372d"
        }
      ],
      "licenseConcluded": "NOASSERTION",
      "licenseInfoInFiles": [
        "NOASSERTION"
      ],
      "copyrightText": "NOASSERTION"
    },
    {
      "fileName": "./ssh-agent.exe",
      "SPDXID": "SPDXRef-File--ssh-agent.exe-943813A8CBB5EDC1FEFF17094AC5B1AD31E0E2B1",
      "checksums": [
        {
          "algorithm": "SHA256",
          "checksumValue": "f2286a4bed86373e29e0eb3c8425230a2c8287462c2fbc78db56568717f680e1"
        },
        {
          "algorithm": "SHA1",
          "checksumValue": "943813a8cbb5edc1feff17094ac5b1ad31e0e2b1"
        }
      ],
      "licenseConcluded": "NOASSERTION",
      "licenseInfoInFiles": [
        "NOASSERTION"
      ],
      "copyrightText": "NOASSERTION"
    },
    {
      "fileName": "./sshd_config_default",
      "SPDXID": "SPDXRef-File--sshd-config-default-825CDEC4CF05869C74B01E7A1C8BF3C5E2C45CD8",
      "checksums": [
        {
          "algorithm": "SHA256",
          "checksumValue": "99f373a06dfa706f0a8a98d655c776850305b4b1ea3bf9a33fa926897bb15649"
        },
        {
          "algorithm": "SHA1",
          "checksumValue": "825cdec4cf05869c74b01e7a1c8bf3c5e2c45cd8"
        }
      ],
      "licenseConcluded": "NOASSERTION",
      "licenseInfoInFiles": [
        "NOASSERTION"
      ],
      "copyrightText": "NOASSERTION"
    },
    {
      "fileName": "./openssh-events.man",
      "SPDXID": "SPDXRef-File--openssh-events.man-39F0E1C5FDF3F456EEAF9F1A5696A7CA64617F86",
      "checksums": [
        {
          "algorithm": "SHA256",
          "checksumValue": "c36019e53e3045cba2639bf35ed1e2498e3563b272533e53301165c31ab60199"
        },
        {
          "algorithm": "SHA1",
          "checksumValue": "39f0e1c5fdf3f456eeaf9f1a5696a7ca64617f86"
        }
      ],
      "licenseConcluded": "NOASSERTION",
      "licenseInfoInFiles": [
        "NOASSERTION"
      ],
      "copyrightText": "NOASSERTION"
    },
    {
      "fileName": "./ssh-keygen.exe",
      "SPDXID": "SPDXRef-File--ssh-keygen.exe-44FAADBC5C1276C0C1D93B71E4B2A9C420E9B6BF",
      "checksums": [
        {
          "algorithm": "SHA256",
          "checksumValue": "0d672a13fc1d0764e4771a583c8e059fbc69d569dc4db54d190e0a69da19af90"
        },
        {
          "algorithm": "SHA1",
          "checksumValue": "44faadbc5c1276c0c1d93b71e4b2a9c420e9b6bf"
        }
      ],
      "licenseConcluded": "NOASSERTION",
      "licenseInfoInFiles": [
        "NOASSERTION"
      ],
      "copyrightText": "NOASSERTION"
    },
    {
      "fileName": "./ssh.exe",
      "SPDXID": "SPDXRef-File--ssh.exe-5D4005AB2F48DF7CF84FE57DB41AC8ADBF57A886",
      "checksums": [
        {
          "algorithm": "SHA256",
          "checksumValue": "4be672dd5bcea7c78ac92c02abbe59f4a4f7382f550955474f67f0aad25e0b9a"
        },
        {
          "algorithm": "SHA1",
          "checksumValue": "5d4005ab2f48df7cf84fe57db41ac8adbf57a886"
        }
      ],
      "licenseConcluded": "NOASSERTION",
      "licenseInfoInFiles": [
        "NOASSERTION"
      ],
      "copyrightText": "NOASSERTION"
    },
    {
      "fileName": "./sshd.exe",
      "SPDXID": "SPDXRef-File--sshd.exe-A2A05BE02A95CDAB8980B7D1F6916461407585D7",
      "checksums": [
        {
          "algorithm": "SHA256",
          "checksumValue": "a086098fd1b02b8b5caf74c40fbce4ea77abde1895e8617380d4b125307084b9"
        },
        {
          "algorithm": "SHA1",
          "checksumValue": "a2a05be02a95cdab8980b7d1f6916461407585d7"
        }
      ],
      "licenseConcluded": "NOASSERTION",
      "licenseInfoInFiles": [
        "NOASSERTION"
      ],
      "copyrightText": "NOASSERTION"
    },
    {
      "fileName": "./uninstall-sshd.ps1",
      "SPDXID": "SPDXRef-File--uninstall-sshd.ps1-F3E11CA4162BFB40DED7304B9D9D9216A789510F",
      "checksums": [
        {
          "algorithm": "SHA256",
          "checksumValue": "a843da0c3c4bc6d329fd6317e8f4b1c412105eaaf78810701d51068512a31b76"
        },
        {
          "algorithm": "SHA1",
          "checksumValue": "f3e11ca4162bfb40ded7304b9d9d9216a789510f"
        }
      ],
      "licenseConcluded": "NOASSERTION",
      "licenseInfoInFiles": [
        "NOASSERTION"
      ],
      "copyrightText": "NOASSERTION"
    }
  ],
  "packages": [
    {
      "name": "libressl",
      "SPDXID": "SPDXRef-Package-D5FD70E310C87D91782DED54FFD5699E92C422F383AB3A9FDB1C4AEE1CDB49CA",
      "downloadLocation": "https://www.libressl.org/",
      "filesAnalyzed": false,
      "licenseConcluded": "NOASSERTION",
      "licenseInfoFromFiles": [
        "NOASSERTION"
      ],
      "licenseDeclared": "NOASSERTION",
      "copyrightText": "NOASSERTION",
      "versionInfo": "3.6.1.0",
      "supplier": "NOASSERTION"
    },
    {
      "name": "powershell_libcbor",
      "SPDXID": "SPDXRef-Package-B9CBB6C45057D8D19744CABF9C5F727FC0323A84197BB23E19A02FB49DFE8065",
      "downloadLocation": "https://github.com/PowerShell/libcbor",
      "filesAnalyzed": false,
      "licenseConcluded": "NOASSERTION",
      "licenseInfoFromFiles": [
        "NOASSERTION"
      ],
      "licenseDeclared": "NOASSERTION",
      "copyrightText": "NOASSERTION",
      "versionInfo": "0.8.0",
      "supplier": "NOASSERTION"
    },
    {
      "name": "powershell_libressl",
      "SPDXID": "SPDXRef-Package-391233C5C3FAE5CC22B238FBC9B57B2B7DA5C372E9B964738414A16A65E1BD9E",
      "downloadLocation": "https://github.com/PowerShell/LibreSSL/releases/tag/V3.6.1.0.zip",
      "filesAnalyzed": false,
      "licenseConcluded": "NOASSERTION",
      "licenseInfoFromFiles": [
        "NOASSERTION"
      ],
      "licenseDeclared": "NOASSERTION",
      "copyrightText": "NOASSERTION",
      "versionInfo": "3.6.1.0",
      "supplier": "NOASSERTION"
    },
    {
      "name": "zlib",
      "SPDXID": "SPDXRef-Package-A9EB5C4218FA0D266FC5C664B8CAF9359754084A15E5398DE2212E4FC43EBF88",
      "downloadLocation": "http://zlib.net/",
      "filesAnalyzed": false,
      "licenseConcluded": "NOASSERTION",
      "licenseInfoFromFiles": [
        "NOASSERTION"
      ],
      "licenseDeclared": "NOASSERTION",
      "copyrightText": "NOASSERTION",
      "versionInfo": "1.2.13",
      "supplier": "NOASSERTION"
    },
    {
      "name": "powershell_zlib",
      "SPDXID": "SPDXRef-Package-19B4BB6515DFF8C58B23AA8A19F56B1ED91ECE605C6E2AF619473C4E4273B86F",
      "downloadLocation": "https://github.com/PowerShell/ZLib/releases/tag/V1.2.13.zip",
      "filesAnalyzed": false,
      "licenseConcluded": "NOASSERTION",
      "licenseInfoFromFiles": [
        "NOASSERTION"
      ],
      "licenseDeclared": "NOASSERTION",
      "copyrightText": "NOASSERTION",
      "versionInfo": "1.2.13",
      "supplier": "NOASSERTION"
    },
    {
      "name": "libcbor",
      "SPDXID": "SPDXRef-Package-F06B2DB6AB4F96F220834AED5AAEA51928351C99A2A79544B1300000E3726439",
      "downloadLocation": "https://github.com/PJK/libcbor",
      "filesAnalyzed": false,
      "licenseConcluded": "NOASSERTION",
      "licenseInfoFromFiles": [
        "NOASSERTION"
      ],
      "licenseDeclared": "NOASSERTION",
      "copyrightText": "NOASSERTION",
      "versionInfo": "0.8.0",
      "supplier": "NOASSERTION"
    },
    {
      "name": "libfido2",
      "SPDXID": "SPDXRef-Package-76D670A1E9846BAE49939A8C6D2D70CA17B9CF7617C5DD7857029331940F8C55",
      "downloadLocation": "https://github.com/Yubico/libfido2",
      "filesAnalyzed": false,
      "licenseConcluded": "NOASSERTION",
      "licenseInfoFromFiles": [
        "NOASSERTION"
      ],
      "licenseDeclared": "NOASSERTION",
      "copyrightText": "NOASSERTION",
      "versionInfo": "1.12.0",
      "supplier": "NOASSERTION"
    },
    {
      "name": "powershell_libfido2",
      "SPDXID": "SPDXRef-Package-0F0576A567AA5FD6212028071123D50BF536FF336B8E4ECF0695F7E0E8081331",
      "downloadLocation": "https://github.com/PowerShell/libfido2/archive/refs/tags/1.12.0.zip",
      "filesAnalyzed": false,
      "licenseConcluded": "NOASSERTION",
      "licenseInfoFromFiles": [
        "NOASSERTION"
      ],
      "licenseDeclared": "NOASSERTION",
      "copyrightText": "NOASSERTION",
      "versionInfo": "1.12.0",
      "supplier": "NOASSERTION"
    },
    {
      "name": "OpenSSH",
      "SPDXID": "SPDXRef-RootPackage",
      "downloadLocation": "NOASSERTION",
      "packageVerificationCode": {
        "packageVerificationCodeValue": "af12d090bf0a132b4fdb104fa48590392b69df16"
      },
      "filesAnalyzed": true,
      "licenseConcluded": "NOASSERTION",
      "licenseInfoFromFiles": [
        "NOASSERTION"
      ],
      "licenseDeclared": "NOASSERTION",
      "copyrightText": "NOASSERTION",
      "versionInfo": "v9.1.0.0",
      "supplier": "Organization: Microsoft",
      "hasFiles": [
        "SPDXRef-File--uninstall-sshd.ps1-F3E11CA4162BFB40DED7304B9D9D9216A789510F",
        "SPDXRef-File--sshd.exe-A2A05BE02A95CDAB8980B7D1F6916461407585D7",
        "SPDXRef-File--ssh.exe-5D4005AB2F48DF7CF84FE57DB41AC8ADBF57A886",
        "SPDXRef-File--ssh-keygen.exe-44FAADBC5C1276C0C1D93B71E4B2A9C420E9B6BF",
        "SPDXRef-File--openssh-events.man-39F0E1C5FDF3F456EEAF9F1A5696A7CA64617F86",
        "SPDXRef-File--sshd-config-default-825CDEC4CF05869C74B01E7A1C8BF3C5E2C45CD8",
        "SPDXRef-File--ssh-agent.exe-943813A8CBB5EDC1FEFF17094AC5B1AD31E0E2B1",
        "SPDXRef-File--NOTICE.txt-0C6BEDA8BE1A704C0C2615D4A481BACA0E56372D",
        "SPDXRef-File--ssh-add.exe-7A982809483A133C1112AE2FDFF038F266DB4785",
        "SPDXRef-File--moduli-DCD2C6A4B31E7F21D27EE291DADADC92EB9484D5",
        "SPDXRef-File--sftp.exe-83450576787360F01BCC23DB0505EC3F9EBE7AE8",
        "SPDXRef-File--LICENSE.txt-A7739A32F1926D71A9EB22D101287ECEA09A6AC5",
        "SPDXRef-File--ssh-sk-helper.exe-98C09E3F46634249171988DC100610A8FC6B9CC9",
        "SPDXRef-File--sftp-server.exe-5A1F763EB49ECF51E91C4AC85233EFCE5264C447",
        "SPDXRef-File--libcrypto.dll-10569838E0E8287F775FA055DCD7870E5318EB0B",
        "SPDXRef-File--ssh-shellhost.exe-0F3FAB5B6677C5E57FFDC95C00D24948B32290C8",
        "SPDXRef-File--scp.exe-EAB714C5DDE30820B3A4D6CD0BCF41F6D432304A",
        "SPDXRef-File--install-sshd.ps1-F93766A1B289218BC5BF52BED830B119470BD850",
        "SPDXRef-File--ssh-pkcs11-helper.exe-BB6E5A9E283DC29DA9AB0D0E7704F39B188C2093",
        "SPDXRef-File--OpenSSHUtils.psm1-5A469735630050A040740257C08F2DE128F6145C",
        "SPDXRef-File--FixUserFilePermissions.ps1-2D09E1D17DE5D7BF6F051A5B47C796C859A19452",
        "SPDXRef-File--ssh-keyscan.exe-C4DC532FEF9BFE4180B2B5F4867FF77B89085CE4",
        "SPDXRef-File--OpenSSHUtils.psd1-8D8E29FB83D654091CC09B34AF44AA1D6025FF92",
        "SPDXRef-File--FixHostFilePermissions.ps1-DDB50E188C47FC23D3C566C6054650E145FA9FD6"
      ]
    }
  ],
  "externalDocumentRefs": [
    {
      "externalDocumentId": "DocumentRef-ZLib-1.2.13-25599f97cedc67d207728f4a17d7964c1c334c17",
      "spdxDocument": "https://sbom.microsoft/1:2QSF7qZlbE-F7QrUJlEo7g:Ifmy0CRpKEe0S33n1Rdb-w/1748:309440/ZLib:1.2.13:f1B2BykuZEuu2dD2Z6ZtzA",
      "checksum": {
        "algorithm": "SHA1",
        "checksumValue": "25599f97cedc67d207728f4a17d7964c1c334c17"
      }
    },
    {
      "externalDocumentId": "DocumentRef-LibreSSL-3.6.1-fc30d93d52889318fb210564efd5c1e0ca814e8d",
      "spdxDocument": "https://sbom.microsoft/1:2QSF7qZlbE-F7QrUJlEo7g:Ifmy0CRpKEe0S33n1Rdb-w/1750:315375/LibreSSL:3.6.1:fyKpihH87EucxF0be9QDzg",
      "checksum": {
        "algorithm": "SHA1",
        "checksumValue": "fc30d93d52889318fb210564efd5c1e0ca814e8d"
      }
    },
    {
      "externalDocumentId": "DocumentRef-libfido2-1.9.0-78bca45f111323552f7a97354e8510eacf7d9dcf",
      "spdxDocument": "https://sbom.microsoft/1:2QSF7qZlbE-F7QrUJlEo7g:Ifmy0CRpKEe0S33n1Rdb-w/1853:317279/libfido2:1.9.0:alZekPBLNU6nPVQ1qrkSgg",
      "checksum": {
        "algorithm": "SHA1",
        "checksumValue": "78bca45f111323552f7a97354e8510eacf7d9dcf"
      }
    }
  ],
  "relationships": [
    {
      "relationshipType": "DESCRIBED_BY",
      "relatedSpdxElement": "SPDXRef-DOCUMENT",
      "spdxElementId": "SPDXRef-File--..-..-s-OSS-Microsoft-OpenSSH-Dev-contrib-win32-openssh-ZLib--manifest-spdx-2.2-manifest.spdx.json-25599F97CEDC67D207728F4A17D7964C1C334C17"
    },
    {
      "relationshipType": "DESCRIBED_BY",
      "relatedSpdxElement": "SPDXRef-DOCUMENT",
      "spdxElementId": "SPDXRef-File--..-..-s-OSS-Microsoft-OpenSSH-Dev-contrib-win32-openssh-libfido2--manifest-spdx-2.2-manifest.spdx.json-78BCA45F111323552F7A97354E8510EACF7D9DCF"
    },
    {
      "relationshipType": "DESCRIBED_BY",
      "relatedSpdxElement": "SPDXRef-DOCUMENT",
      "spdxElementId": "SPDXRef-File--..-..-s-OSS-Microsoft-OpenSSH-Dev-contrib-win32-openssh-LibreSSL--manifest-spdx-2.2-manifest.spdx.json-FC30D93D52889318FB210564EFD5C1E0CA814E8D"
    },
    {
      "relationshipType": "PREREQUISITE_FOR",
      "relatedSpdxElement": "DocumentRef-libfido2-1.9.0-78bca45f111323552f7a97354e8510eacf7d9dcf:SPDXRef-RootPackage",
      "spdxElementId": "SPDXRef-RootPackage"
    },
    {
      "relationshipType": "PREREQUISITE_FOR",
      "relatedSpdxElement": "DocumentRef-LibreSSL-3.6.1-fc30d93d52889318fb210564efd5c1e0ca814e8d:SPDXRef-RootPackage",
      "spdxElementId": "SPDXRef-RootPackage"
    },
    {
      "relationshipType": "PREREQUISITE_FOR",
      "relatedSpdxElement": "DocumentRef-ZLib-1.2.13-25599f97cedc67d207728f4a17d7964c1c334c17:SPDXRef-RootPackage",
      "spdxElementId": "SPDXRef-RootPackage"
    },
    {
      "relationshipType": "DESCRIBES",
      "relatedSpdxElement": "SPDXRef-RootPackage",
      "spdxElementId": "SPDXRef-DOCUMENT"
    },
    {
      "relationshipType": "DEPENDS_ON",
      "relatedSpdxElement": "SPDXRef-Package-0F0576A567AA5FD6212028071123D50BF536FF336B8E4ECF0695F7E0E8081331",
      "spdxElementId": "SPDXRef-RootPackage"
    },
    {
      "relationshipType": "DEPENDS_ON",
      "relatedSpdxElement": "SPDXRef-Package-76D670A1E9846BAE49939A8C6D2D70CA17B9CF7617C5DD7857029331940F8C55",
      "spdxElementId": "SPDXRef-RootPackage"
    },
    {
      "relationshipType": "DEPENDS_ON",
      "relatedSpdxElement": "SPDXRef-Package-F06B2DB6AB4F96F220834AED5AAEA51928351C99A2A79544B1300000E3726439",
      "spdxElementId": "SPDXRef-RootPackage"
    },
    {
      "relationshipType": "DEPENDS_ON",
      "relatedSpdxElement": "SPDXRef-Package-19B4BB6515DFF8C58B23AA8A19F56B1ED91ECE605C6E2AF619473C4E4273B86F",
      "spdxElementId": "SPDXRef-RootPackage"
    },
    {
      "relationshipType": "DEPENDS_ON",
      "relatedSpdxElement": "SPDXRef-Package-A9EB5C4218FA0D266FC5C664B8CAF9359754084A15E5398DE2212E4FC43EBF88",
      "spdxElementId": "SPDXRef-RootPackage"
    },
    {
      "relationshipType": "DEPENDS_ON",
      "relatedSpdxElement": "SPDXRef-Package-391233C5C3FAE5CC22B238FBC9B57B2B7DA5C372E9B964738414A16A65E1BD9E",
      "spdxElementId": "SPDXRef-RootPackage"
    },
    {
      "relationshipType": "DEPENDS_ON",
      "relatedSpdxElement": "SPDXRef-Package-B9CBB6C45057D8D19744CABF9C5F727FC0323A84197BB23E19A02FB49DFE8065",
      "spdxElementId": "SPDXRef-RootPackage"
    },
    {
      "relationshipType": "DEPENDS_ON",
      "relatedSpdxElement": "SPDXRef-Package-D5FD70E310C87D91782DED54FFD5699E92C422F383AB3A9FDB1C4AEE1CDB49CA",
      "spdxElementId": "SPDXRef-RootPackage"
    }
  ],
  "spdxVersion": "SPDX-2.2",
  "dataLicense": "CC0-1.0",
  "SPDXID": "SPDXRef-DOCUMENT",
  "name": "OpenSSH v9.1.0.0",
  "documentNamespace": "https://sbom.microsoft/1:2QSF7qZlbE-F7QrUJlEo7g:Ifmy0CRpKEe0S33n1Rdb-w/1908:317317/OpenSSH:v9.1.0.0:EraGKIqSBU2PBp9ixlKTGA",
  "creationInfo": {
    "created": "2022-12-06T22:21:56Z",
    "creators": [
      "Organization: Microsoft",
      "Tool: Microsoft.SBOMTool-0.3.1"
    ]
  },
  "documentDescribes": [
    "SPDXRef-RootPackage"
  ]
}